City_ID,City,Lat,Lng,Max Temp,Humidity,Cloudiness,Wind Speed,Country,Date
0,Rikitea,-23.1203,-134.9692,78.94,80,100,17.29,PF,1674628790
1,North Bend,43.4065,-124.2243,40.06,99,0,0.0,US,1674628864
2,Gizo Government Station,-8.103,156.8419,82.36,75,100,2.95,SB,1674628864
3,Tuktoyaktuk,69.4541,-133.0374,-4.0,77,100,12.66,CA,1674628865
4,Jumla,29.2747,82.1838,48.88,55,100,4.74,NP,1674628866
5,Barrow,71.2906,-156.7887,-11.18,70,0,19.57,US,1674628866
6,Beringovskiy,63.05,179.3167,-13.27,94,39,12.64,RU,1674628867
7,Lebu,-37.6167,-73.65,54.32,78,6,15.32,CL,1674628867
8,Laas,46.6166,10.7002,32.88,72,41,3.51,IT,1674628868
9,Mar del Plata,-38.0023,-57.5575,66.22,73,0,15.01,AR,1674628797
10,San Quintín,30.4833,-115.95,54.18,56,100,1.48,MX,1674628869
11,Jamestown,42.097,-79.2353,28.71,72,0,4.61,US,1674628829
12,Souillac,-20.5167,57.5167,75.58,94,75,6.91,MU,1674628870
13,George Town,5.4112,100.3354,85.98,71,20,8.05,MY,1674628664
14,Tabou,4.423,-7.3528,76.84,88,84,4.14,CI,1674628871
15,Amga,60.8953,131.9608,-43.91,99,100,0.96,RU,1674628871
16,Podgornoye,51.735,39.1496,10.62,92,0,4.47,RU,1674628872
17,Port Shepstone,-30.7414,30.455,72.68,80,100,18.3,ZA,1674628873
18,Atuona,-9.8,-139.0333,78.67,78,9,17.63,PF,1674628873
19,Hong Kong,22.2855,114.1577,60.24,65,95,10.0,HK,1674628864
20,Hermanus,-34.4187,19.2345,64.8,49,0,10.27,ZA,1674628874
21,Hilo,19.7297,-155.09,73.27,90,40,4.61,US,1674628875
22,Ola,59.5833,151.2833,3.15,86,100,10.56,RU,1674628876
23,Karlskrona,56.1616,15.5866,32.45,89,28,14.09,SE,1674628876
24,Avarua,-21.2078,-159.775,78.85,78,13,3.44,CK,1674628877
25,Butaritari,3.0707,172.7902,81.39,79,100,18.25,KI,1674628877
26,Sidi Ali,36.0998,0.4206,44.67,73,100,5.1,DZ,1674628878
27,Flinders,-34.5833,150.8552,82.18,73,0,8.99,AU,1674628879
28,Thai Binh,20.45,106.3333,63.19,50,98,8.81,VN,1674628880
29,Gunjur,13.2019,-16.7339,68.07,94,0,2.3,GM,1674628881
30,Vaini,-21.2,-175.2,82.56,78,20,5.75,TO,1674628882
31,Hacarí,8.3233,-73.1489,60.19,94,11,2.68,CO,1674628882
32,Busselton,-33.65,115.3333,82.04,39,0,10.2,AU,1674628883
33,Hobart,-42.8794,147.3294,78.66,54,20,8.05,AU,1674628879
34,Hervey Bay,-25.2986,152.8535,80.08,71,7,12.28,AU,1674628884
35,Rawson,-43.3002,-65.1023,61.5,35,3,8.68,AR,1674628707
36,Albany,42.6001,-73.9662,31.37,81,100,4.0,US,1674628885
37,Guerrero Negro,27.9769,-114.0611,56.03,46,46,3.69,MX,1674628886
38,Nikolskoye,59.7035,30.7861,31.91,93,100,10.76,RU,1674628887
39,Agbor,6.2518,6.1934,77.65,86,10,3.24,NG,1674628887
40,Qaanaaq,77.484,-69.3632,6.42,68,100,9.51,GL,1674628888
41,Yeniseysk,58.4497,92.1703,-1.44,95,100,2.77,RU,1674628888
42,Limoeiro do Ajuru,-1.8953,-49.3806,73.4,93,40,5.91,BR,1674628889
43,Castro,-24.7911,-50.0119,59.47,90,0,2.51,BR,1674628890
44,Ushuaia,-54.8,-68.3,49.66,62,75,21.85,AR,1674628890
45,Kavaratti,10.5669,72.642,78.1,81,100,13.98,IN,1674628891
46,Cherskiy,68.75,161.3,-24.61,97,100,1.03,RU,1674628892
47,Rosetta,31.4044,30.4164,62.85,62,0,8.77,EG,1674628892
48,San Patricio,28.017,-97.5169,55.24,57,0,14.14,US,1674628893
49,Pakxan,18.3778,103.6601,79.83,26,6,2.19,LA,1674628893
50,Hanchuan,30.65,113.7667,41.11,22,3,6.51,CN,1674628894
51,Lichuan,30.3,108.85,40.44,39,91,3.67,CN,1674628895
52,Santa Cruz Cabrália,-16.2781,-39.0247,77.23,88,40,4.61,BR,1674628895
53,Yangcun,39.3639,117.0603,26.58,12,100,11.18,CN,1674628896
54,Lüderitz,-26.6481,15.1594,69.96,55,59,18.03,NA,1674628897
55,Mahon,39.8885,4.2658,48.76,87,40,14.97,ES,1674628897
56,Murchison,-41.8,172.3333,67.98,66,94,3.02,NZ,1674628898
57,Kapaa,22.0752,-159.319,73.38,84,75,4.61,US,1674628898
58,Ostrovnoy,68.0531,39.5131,25.93,88,100,28.19,RU,1674628899
59,Clive,41.603,-93.7241,33.73,90,100,3.0,US,1674628900
60,Ambovombe,-25.1667,46.0833,81.21,70,96,22.93,MG,1674628900
61,Agua Verde,22.9,-106.05,64.87,82,42,8.03,MX,1674628901
62,Bathsheba,13.2167,-59.5167,75.81,88,40,20.71,BB,1674628901
63,Misratah,32.3754,15.0925,58.96,70,74,14.94,LY,1674628902
64,Williams Lake,52.1415,-122.1445,33.37,98,75,0.0,CA,1674628853
65,Bethel,41.3712,-73.414,35.69,69,100,3.44,US,1674628903
66,Erenhot,43.6475,111.9767,6.84,57,100,11.74,CN,1674628904
67,Sitka,57.0531,-135.33,48.09,87,100,6.91,US,1674628904
68,Carnarvon,-24.8667,113.6333,83.86,63,0,21.88,AU,1674628905
69,‘Ewa Beach,21.3156,-158.0072,76.98,76,0,9.22,US,1674628716
70,Gârliciu,44.7667,28.0833,31.08,81,73,9.28,RO,1674628906
71,Andenes,69.3143,16.1194,33.78,93,75,4.61,NO,1674628906
72,Pangnirtung,66.1451,-65.7125,-3.59,99,100,5.01,CA,1674628907
73,Weiser,44.251,-116.9693,30.4,87,100,1.23,US,1674628908
74,Bluff,-46.6,168.3333,60.13,74,80,9.51,NZ,1674628909
75,Chokurdakh,70.6333,147.9167,-29.49,97,100,2.15,RU,1674628909
76,Cabadiangan,9.7531,122.4739,83.95,64,99,14.67,PH,1674628910
77,Pevek,69.7008,170.3133,-15.36,76,48,2.19,RU,1674628910
78,Punta Arenas,-53.15,-70.9167,51.91,46,75,23.02,CL,1674628678
79,Zhangaözen,43.3,52.8,29.17,37,0,5.7,KZ,1674628911
80,Hauterive,46.0901,3.4459,34.56,94,45,1.23,FR,1674628912
81,New Norfolk,-42.7826,147.0587,78.3,31,83,5.99,AU,1674628913
82,Bambous Virieux,-20.3428,57.7575,75.45,94,75,6.91,MU,1674628914
83,Port Augusta,-32.5,137.7667,80.91,41,0,23.82,AU,1674628914
84,Kaitangata,-46.2817,169.8464,62.38,79,47,4.45,NZ,1674628915
85,Laguna,38.421,-121.4238,46.94,89,0,3.44,US,1674628916
86,Port Elizabeth,-33.918,25.5701,69.31,65,0,14.97,ZA,1674628916
87,Umluj,25.0213,37.2685,72.34,62,0,2.55,SA,1674628917
88,Villazón,-22.0866,-65.5942,51.69,76,89,4.45,BO,1674628917
89,Hualmay,-11.0964,-77.6139,69.26,87,100,5.19,PE,1674628918
90,Plouzané,48.3833,-4.6167,41.05,87,100,6.91,FR,1674628919
91,Lagoa,39.05,-27.9833,58.64,86,13,16.53,PT,1674628919
92,Katsuura,35.1333,140.3,36.59,26,76,8.93,JP,1674628920
93,Poum,-20.2333,164.0167,83.5,75,11,7.45,NC,1674628920
94,Road Town,18.4167,-64.6167,73.49,66,3,14.32,VG,1674628921
95,Broome,42.2506,-75.833,28.78,80,100,4.61,US,1674628922
96,Baden-Baden,48.75,8.25,35.85,87,75,12.66,DE,1674628923
97,Bantry,51.6833,-9.45,47.79,98,99,4.9,IE,1674628923
98,Quatre Cocos,-20.2078,57.7625,75.31,94,100,8.97,MU,1674628924
99,Kruisfontein,-34.0033,24.7314,66.88,43,76,6.67,ZA,1674628924
100,Cabo San Lucas,22.8909,-109.9124,63.52,70,56,4.76,MX,1674628648
101,Bredasdorp,-34.5322,20.0403,66.31,43,0,6.64,ZA,1674628925
102,Kongolo,-5.3833,27.0,72.61,89,93,3.58,CD,1674628926
103,Yar-Sale,66.8333,70.8333,3.92,95,100,7.34,RU,1674628927
104,Airai,-8.9266,125.4092,68.7,81,93,2.26,TL,1674628927
105,Kalabo,-14.97,22.6814,66.78,91,100,4.05,ZM,1674628928
106,Bengkulu,-3.8004,102.2655,83.08,65,69,8.75,ID,1674628929
107,Bonavista,48.6499,-53.1147,30.16,83,52,18.63,CA,1674628929
108,Kuah,6.3265,99.8432,89.1,51,40,6.91,MY,1674628930
109,Yellowknife,62.456,-114.3525,-5.28,77,75,3.44,CA,1674628931
110,Dingle,10.9995,122.6711,79.21,80,58,17.96,PH,1674628931
111,Zhangjiakou,40.81,114.8794,15.24,17,0,1.43,CN,1674628755
112,Kavieng,-2.5744,150.7967,83.14,69,100,7.43,PG,1674628932
113,São Filipe,14.8961,-24.4956,69.13,70,100,7.45,CV,1674628933
114,Agadez,19.75,10.25,67.95,14,0,7.11,NE,1674628934
115,East London,-33.0153,27.9116,67.14,77,100,10.36,ZA,1674628935
116,Isangel,-19.55,169.2667,89.71,66,75,4.61,VU,1674628935
117,Karolinka,49.3513,18.2401,30.67,96,51,3.47,CZ,1674628936
118,Camaná,-16.6228,-72.7111,72.55,84,100,6.2,PE,1674628936
119,Constitución,-35.3333,-72.4167,56.68,70,0,8.32,CL,1674628937
120,Vao,-22.6667,167.4833,80.26,82,25,10.69,NC,1674628938
121,Codrington,-38.2667,141.9667,68.2,53,96,20.13,AU,1674628938
122,Mataura,-46.1927,168.8643,63.43,60,45,6.42,NZ,1674628939
123,Khromtau,50.2503,58.4347,12.22,92,10,7.07,KZ,1674628876
124,Iqaluit,63.7506,-68.5145,-25.31,67,0,28.99,CA,1674628940
125,Alofi,-19.0595,-169.9187,80.49,78,24,2.3,NU,1674628941
126,Vila Franca do Campo,37.7167,-25.4333,57.61,80,100,14.65,PT,1674628941
127,Esperance,-33.8667,121.9,69.93,69,3,16.15,AU,1674628942
128,Portland,45.5234,-122.6762,45.61,91,75,4.61,US,1674628793
129,Hofn,64.2539,-15.2082,39.15,72,10,17.9,IS,1674628943
130,Luganville,-15.5333,167.1667,82.47,81,69,7.14,VU,1674628943
131,Cape Town,-33.9258,18.4232,70.12,48,0,16.11,ZA,1674628741
132,Cidreira,-30.1811,-50.2056,75.15,88,0,9.98,BR,1674628944
133,Gazli,40.1333,63.45,31.08,54,24,8.28,UZ,1674628945
134,Nemuro,43.3236,145.575,14.94,55,63,29.17,JP,1674628946
135,Saint-Joseph,-21.3667,55.6167,80.98,86,100,6.55,RE,1674628946
136,Tasiilaq,65.6145,-37.6368,19.56,68,100,6.04,GL,1674628947
137,Derzhavīnsk,51.1,66.3167,5.7,97,82,10.96,KZ,1674628947
138,Inhambane,-23.865,35.3833,82.38,89,75,9.22,MZ,1674628948
139,Saint Paul Harbor,57.79,-152.4072,36.91,100,100,3.44,US,1674628949
140,Ribeira Grande,38.5167,-28.7,58.77,89,13,8.99,PT,1674628949
141,Wajir,1.7471,40.0573,82.36,61,0,10.36,KE,1674628950
142,Songjianghe,42.1859,127.479,3.36,58,97,7.85,CN,1674628951
143,Pochutla,15.7432,-96.4661,69.82,72,7,4.54,MX,1674628951
144,Kamaishi,39.2667,141.8833,21.22,63,95,17.67,JP,1674628952
145,Hithadhoo,-0.6,73.0833,81.59,75,100,11.68,MV,1674628952
146,Aklavik,68.2191,-135.0107,-2.87,92,100,11.14,CA,1674628953
147,Barcelona,41.3888,2.159,47.48,71,75,17.27,ES,1674628278
148,Mehamn,71.0357,27.8492,33.75,93,100,12.66,NO,1674628954
149,Port Alfred,-33.5906,26.891,68.18,73,100,5.01,ZA,1674628955
150,Bontang,0.1333,117.5,83.77,73,100,3.87,ID,1674628956
151,Salinas,36.6777,-121.6555,47.97,78,0,5.75,US,1674628944
152,Tuatapere,-46.1333,167.6833,60.94,68,88,6.62,NZ,1674628957
153,Klaksvík,62.2266,-6.589,43.72,83,81,23.69,FO,1674628957
154,San Luis de Palenque,5.4214,-71.7317,73.74,63,18,4.74,CO,1674628958
155,Henties Bay,-22.116,14.2845,64.6,85,95,7.54,NA,1674628959
156,Tocopilla,-22.092,-70.1979,69.75,80,54,0.67,CL,1674628914
157,Tura,25.5198,90.2201,80.38,28,9,4.83,IN,1674628960
158,Lucapa,-8.4192,20.7447,65.35,94,100,1.74,AO,1674628961
159,Norman Wells,65.282,-126.8329,-2.16,84,75,5.75,CA,1674628961
160,Puerto Ayora,-0.7393,-90.3518,74.55,96,11,3.11,EC,1674628962
161,Suntar,62.1444,117.6319,-33.39,99,99,3.06,RU,1674628962
162,Dragør,55.5946,12.6664,33.03,88,100,9.22,DK,1674628963
163,Lorengau,-2.0226,147.2712,81.93,75,100,7.11,PG,1674628964
164,Bāfq,31.6128,55.4107,39.42,36,0,1.21,IR,1674628964
165,Chapais,49.7834,-74.8492,-18.62,100,17,2.28,CA,1674628965
166,Trairi,-3.2778,-39.2689,75.24,87,15,3.62,BR,1674628965
167,Dikson,73.5069,80.5464,0.01,92,100,27.58,RU,1674628966
168,Okitipupa,6.5047,4.7839,77.0,90,85,1.43,NG,1674628967
169,Lamar,33.6668,-95.5836,35.37,97,100,10.36,US,1674628967
170,Tancanhuitz,21.6,-98.9667,66.04,81,34,5.32,MX,1674628968
171,Tegul'det,57.3064,88.1667,-15.5,92,67,2.8,RU,1674628968
172,Ambulu,-8.345,113.6058,83.8,72,100,7.27,ID,1674628969
173,São João da Barra,-21.6403,-41.0511,72.48,95,100,6.82,BR,1674628970
174,Faya,18.3851,42.4509,57.72,50,2,8.21,SA,1674628970
175,Emba,48.8264,58.1442,11.52,90,6,3.6,KZ,1674628971
176,College,64.8569,-147.8028,4.8,80,75,3.44,US,1674628971
177,Narsaq,60.9167,-46.05,37.62,89,100,25.03,GL,1674628972
178,Mayumba,-3.432,10.6554,79.11,81,100,4.61,GA,1674628973
179,Krynychky,48.3755,34.467,29.59,75,7,5.84,UA,1674628973
180,Asău,46.4333,26.4,27.52,85,97,3.15,RO,1674628974
181,Arraial do Cabo,-22.9661,-42.0278,74.64,91,100,10.94,BR,1674628974
182,Inongo,-1.95,18.2667,73.0,89,100,7.58,CD,1674628975
183,Thompson,55.7435,-97.8558,-7.44,77,100,0.0,CA,1674628936
184,Alice Springs,-23.7,133.8833,94.55,20,85,5.75,AU,1674628976
185,Torbay,47.6666,-52.7314,33.28,84,75,26.46,CA,1674628977
186,Emerald,-23.5333,148.1667,92.34,40,0,6.89,AU,1674628957
187,Severo-Kuril'sk,50.6789,156.125,29.59,96,100,65.07,RU,1674628978
188,Dvinskoy,62.1535,45.1175,18.7,96,100,7.58,RU,1674628978
189,Mutoko,-17.397,32.2268,69.69,77,93,4.18,ZW,1674628979
190,Hasaki,35.7333,140.8333,36.28,38,54,27.07,JP,1674628979
191,Chui,-33.6971,-53.4616,63.27,77,79,5.77,UY,1674628980
192,Souris,49.6172,-100.2612,3.06,100,100,3.98,CA,1674628981
193,Kjøllefjord,70.9457,27.3465,33.85,93,100,12.66,NO,1674628981
194,Ambon City,-3.6954,128.1814,86.14,74,40,4.61,ID,1674628982
195,Kumul,42.8,93.45,17.01,28,2,3.51,CN,1674628983
196,Camacha,33.0833,-16.3333,56.62,51,40,12.66,PT,1674628984
197,Onega,63.9061,38.1404,31.59,94,100,16.71,RU,1674628984
198,Mahébourg,-20.4081,57.7,75.49,94,75,6.91,MU,1674628985
199,Valparaíso,-33.0393,-71.6273,65.48,100,0,5.75,CL,1674628763
200,Maudaha,25.6833,80.1167,66.33,73,100,7.61,IN,1674628986
201,Halifax,44.6453,-63.5724,33.8,84,27,11.99,CA,1674628987
202,Rāwatbhāta,24.9333,75.5833,71.58,28,0,6.38,IN,1674628987
203,Faanui,-16.4833,-151.75,81.23,77,100,15.77,PF,1674628988
204,San Vicente,-26.6167,-54.1333,68.04,58,0,1.57,AR,1674628989
205,Ambilobe,-13.2,49.05,80.22,85,92,5.91,MG,1674628990
206,Okhotsk,59.3833,143.3,-4.41,89,100,10.54,RU,1674628990
207,Ponta do Sol,32.6667,-17.1,59.72,64,9,10.0,PT,1674628991
208,Ouadda,8.0777,22.4007,82.27,18,85,9.17,CF,1674628992
209,Tiznit Province,29.5833,-9.5,45.27,62,0,1.16,MA,1674628993
210,Erzin,36.9559,36.2,55.85,45,6,1.16,TR,1674628993
211,Diamantino,-14.4086,-56.4461,70.14,95,99,1.86,BR,1674628994
212,Coquimbo,-29.9533,-71.3436,62.33,100,0,5.75,CL,1674628995
213,Provideniya,64.3833,-173.3,-7.01,76,0,11.36,RU,1674628995
214,Murdochville,48.9583,-65.5006,13.08,90,85,12.93,CA,1674628996
215,Tiksi,71.6872,128.8694,-38.31,98,52,7.96,RU,1674628997
216,Banikoara,11.2985,2.4386,73.11,18,10,4.05,BJ,1674628997
217,Aksarka,66.5606,67.7975,6.33,90,100,9.62,RU,1674628998
218,Chifeng,42.2683,118.9636,16.02,37,2,12.17,CN,1674628999
219,Port Macquarie,-31.4333,152.9167,78.89,73,6,8.55,AU,1674628999
220,Craigieburn,-37.6,144.95,90.19,37,0,8.05,AU,1674629000
221,Husavik,66.0449,-17.3389,30.54,95,100,21.74,IS,1674629001
222,Pailón,-17.65,-62.75,76.1,81,100,10.16,BO,1674629002
223,Hobyo,5.3505,48.5268,79.59,60,6,22.55,SO,1674629002
224,Nizhneudinsk,54.9076,99.0276,17.2,64,99,4.23,RU,1674629003
225,Atherton,53.5237,-2.4935,45.79,95,100,2.55,GB,1674629004
226,Arrah,25.5667,84.6667,80.49,33,1,2.51,IN,1674629004
227,Hammerfest,70.6634,23.6821,32.45,100,100,8.05,NO,1674628802
228,Varna,43.2167,27.9167,33.94,88,100,11.5,BG,1674629005
229,Mersing,2.4312,103.8405,75.11,94,40,13.8,MY,1674629006
230,Aksarayskiy,46.7924,48.0119,28.33,41,0,9.26,RU,1674629006
231,Sioux Lookout,50.1001,-91.917,6.87,85,100,2.3,CA,1674629007
232,Myitkyina,25.3833,97.4,83.97,22,49,1.01,MM,1674629008
233,Marawi,7.9986,124.2928,69.96,87,100,4.16,PH,1674629009
234,Tornio,65.8481,24.1466,35.62,96,100,22.32,FI,1674629009
235,Saint-Philippe,-21.3585,55.7679,81.99,90,100,10.87,RE,1674629010
236,Ketchikan,55.3422,-131.6461,45.07,100,100,12.66,US,1674629010
237,Sargūr,11.9833,76.4167,75.78,50,25,6.69,IN,1674629011
238,Port Lincoln,-34.7333,135.8667,68.29,58,24,16.31,AU,1674629012
239,Lavrentiya,65.5833,-171.0,-15.25,92,5,13.6,RU,1674629012
240,Saint-Augustin,51.226,-58.6502,20.26,77,100,13.42,CA,1674628989
241,Tuy Hoa,13.0833,109.3,71.83,85,80,15.97,VN,1674629014
242,Thinadhoo,0.5333,72.9333,80.98,75,71,10.71,MV,1674629014
243,Yenagoa,4.9247,6.2642,79.99,82,10,3.87,NG,1674629015
244,Dunda,-8.1167,34.25,73.92,74,99,1.21,TZ,1674629016
245,Brewster,41.3973,-73.6171,35.92,76,100,3.44,US,1674629016
246,Aranos,-24.1333,19.1167,76.03,25,16,16.06,NA,1674629017
247,Ko Samui,9.5357,99.9357,80.51,65,75,11.5,TH,1674629018
248,Wewak,-3.5534,143.6268,82.62,77,91,7.96,PG,1674629018
249,Ucluelet,48.9329,-125.5528,45.09,93,57,3.78,CA,1674629019
250,Shingū,33.7333,135.9833,38.28,47,100,11.32,JP,1674629019
251,Saint-François,46.4154,3.9054,35.67,87,100,3.44,FR,1674629020
252,Verkhnevilyuysk,63.4453,120.3167,-45.94,100,98,1.97,RU,1674629020
253,Longyearbyen,78.2186,15.6401,22.84,63,40,10.36,SJ,1674628995
254,La Cumbre,-30.982,-64.4914,65.17,82,100,4.0,AR,1674629021
255,Pundaguitan,6.3711,126.1689,78.53,79,100,9.95,PH,1674629022
256,Oeiras,-7.0253,-42.1311,73.44,88,18,3.62,BR,1674628878
257,Bandarbeyla,9.4942,50.8122,77.07,62,85,18.95,SO,1674629023
258,Fuyang,32.9,115.8167,34.48,24,100,9.08,CN,1674629024
259,Boa Vista,2.8197,-60.6733,71.58,78,0,5.75,BR,1674628829
260,Quesnel,52.9999,-122.5029,30.7,100,100,2.3,CA,1674629025
261,Ixtapa,20.7,-105.2,63.03,90,47,2.91,MX,1674629026
262,Coari,-4.085,-63.1414,72.14,98,100,2.95,BR,1674629026
263,Liuli,-11.0833,34.6333,80.47,72,100,7.72,TZ,1674629027
264,Stony Plain,53.5334,-114.0021,27.79,77,5,9.37,CA,1674629028
265,Twin Falls,42.3505,-114.6445,23.34,80,0,12.66,US,1674629028
266,Texarkana,33.4251,-94.0477,39.42,90,100,11.5,US,1674628936
267,Vostok,46.4856,135.8833,-17.7,95,100,9.8,RU,1674629029
268,Makakilo City,21.3469,-158.0858,75.56,76,0,9.22,US,1674629030
269,Kashgar,39.4547,75.9797,20.41,68,100,2.24,CN,1674629030
270,Guane,22.2025,-84.0875,71.17,87,9,8.66,CU,1674629031
271,Mondlo,-27.983,30.7177,64.0,88,89,11.41,ZA,1674629032
272,Khatanga,71.9667,102.5,-21.68,87,100,3.38,RU,1674629032
273,Kalmunai,7.4167,81.8167,81.32,65,65,11.41,LK,1674629033
274,Humaitá,-7.5061,-63.0208,72.54,99,100,2.04,BR,1674629033
275,Ilulissat,69.2167,-51.1,17.62,62,100,6.91,GL,1674629034
276,Saint George,37.1041,-113.5841,36.95,53,0,6.91,US,1674629035
277,Pacific Grove,36.6177,-121.9166,51.64,83,0,5.75,US,1674629035
278,Capelinha,-17.6914,-42.5158,64.08,98,100,2.95,BR,1674628899
279,Srednekolymsk,67.45,153.6833,-21.42,92,100,5.26,RU,1674629036
280,Panguipulli,-39.6333,-72.3333,42.94,91,2,2.53,CL,1674629037
281,Dankov,53.2515,39.1555,21.76,86,100,5.3,RU,1674629037
282,Saskylakh,71.9167,114.0833,-13.67,98,100,5.88,RU,1674629038
283,Racibórz,50.0919,18.2193,34.43,96,100,6.76,PL,1674629038
284,Narowal,32.1,74.8833,58.89,80,98,6.24,PK,1674629039
285,Darhan,49.4867,105.9228,-5.85,79,51,3.04,MN,1674629040
286,Harrisonburg,38.4496,-78.8689,37.56,80,0,0.0,US,1674628957
287,Jatibonico,21.9419,-79.17,66.97,94,0,5.86,CU,1674629041
288,Tooele,40.5308,-112.2983,25.95,96,100,1.01,US,1674628511
289,Manaure,11.7751,-72.4445,77.07,70,95,22.01,CO,1674629042
290,Ures,29.4333,-110.4,48.56,28,0,5.99,MX,1674629042
291,Gravdal,68.1214,13.5031,33.69,100,75,4.61,NO,1674629043
292,Dalvik,65.9702,-18.5286,31.93,94,95,6.93,IS,1674629043
293,Molepolole,-24.4066,25.4951,77.14,26,0,7.47,BW,1674629044
294,Polunochnoye,60.8697,60.4153,16.47,76,27,9.84,RU,1674629045
295,Khedbrahma,24.0333,73.05,74.5,21,0,6.89,IN,1674629045
296,Emilio Carranza,19.9711,-96.6114,73.17,77,0,5.55,MX,1674629046
297,Kostrzyn,52.3985,17.2281,32.99,94,83,2.26,PL,1674629047
298,Curillo,1.0333,-75.9191,68.77,95,27,1.88,CO,1674629047
299,San Antonio,29.4241,-98.4936,46.17,63,0,16.11,US,1674628802
300,Fortuna,40.5982,-124.1573,43.99,92,0,9.22,US,1674629048
301,Golspie,57.9727,-3.978,50.14,83,100,13.8,GB,1674629049
302,Necochea,-38.5473,-58.7368,58.14,60,0,5.1,AR,1674629050
303,Nanortalik,60.1432,-45.2371,36.41,92,100,46.1,GL,1674629050
304,Prince Rupert,54.3161,-130.3201,46.49,92,100,31.07,CA,1674628802
305,Coyhaique,-45.5752,-72.0662,49.95,66,100,2.3,CL,1674628805
306,Kudahuvadhoo,2.6708,72.8944,79.99,76,89,7.49,MV,1674629052
307,Paamiut,61.994,-49.6678,37.06,70,100,55.25,GL,1674629052
308,Mossamedes,-15.1961,12.1522,76.64,77,60,2.86,AO,1674629053
309,Cuiluan,47.72,128.648,-3.91,81,98,7.16,CN,1674629054
310,Teterow,53.7833,12.5667,30.49,96,7,5.77,DE,1674629054
311,Tautira,-17.7333,-149.15,80.65,82,47,16.93,PF,1674629055
312,Rocha,-34.4833,-54.3333,61.09,67,2,6.93,UY,1674628826
313,Fairbanks,64.8378,-147.7164,6.22,79,75,3.44,US,1674628913
314,Vila Velha,-20.3297,-40.2925,75.15,97,100,2.3,BR,1674629057
315,Muncar,-8.4333,114.3333,83.01,75,100,8.03,ID,1674629057
316,Mosjøen,65.836,13.1908,45.12,87,75,5.01,NO,1674628896
317,Arroyo de la Encomienda,41.6096,-4.7969,34.59,81,75,9.22,ES,1674629058
318,Nayāgarh,20.1333,85.1,87.55,22,14,3.69,IN,1674629059
319,Grindavik,63.8424,-22.4338,34.27,75,40,24.16,IS,1674629060
320,Rio Grande,-32.035,-52.0986,69.91,84,1,7.36,BR,1674629060
321,Kushima,31.4583,131.2333,43.05,33,0,4.92,JP,1674629061
322,Osmeña,10.5208,119.9258,79.47,80,6,26.24,PH,1674629062
323,Ibrā’,22.6906,58.5334,65.28,48,1,0.87,OM,1674629062
324,Fougamou,-1.2154,10.5838,75.92,93,100,1.61,GA,1674629063
325,Poya,-21.35,165.15,81.95,83,85,6.51,NC,1674629064
326,Batemans Bay,-35.7167,150.1833,75.09,66,11,10.85,AU,1674629064
327,Gushikawa,26.3544,127.8686,60.03,58,100,9.22,JP,1674629065
328,Pemberton,50.3164,-122.8027,34.86,97,89,2.15,CA,1674629065
329,Povenets,62.8487,34.8262,33.21,96,100,19.39,RU,1674629066
330,Dzyhivka,48.359,28.3158,27.66,73,100,3.71,UA,1674629067
331,Hambantota,6.1241,81.1185,86.34,70,40,4.61,LK,1674629067
332,Margate,51.3813,1.3862,37.9,85,3,5.26,GB,1674629068
333,Korla,41.7597,86.1469,19.08,50,5,1.63,CN,1674629069
334,Samaná,19.2056,-69.3369,72.52,75,0,6.8,DO,1674629069
335,Mairana,-18.1167,-63.9333,59.29,99,100,1.88,BO,1674629070
336,Ipixuna,-1.7625,-48.8043,71.46,98,89,2.68,BR,1674629070
337,Liberia,6.5,-9.5,70.11,99,100,2.08,LR,1674629071
338,Sudak,44.85,34.9667,39.83,77,2,6.89,UA,1674629072
339,Boyuibe,-20.4167,-63.2833,67.68,95,100,2.51,BO,1674629073
340,Stornoway,58.2093,-6.3865,44.92,85,40,13.8,GB,1674629074
341,Shahrud,36.4182,54.9763,30.45,46,0,3.47,IR,1674629074
342,Pizarro,4.9533,-77.366,75.38,93,56,6.17,CO,1674629075
343,Koumac,-20.5667,164.2833,82.29,78,66,4.61,NC,1674629076
344,Arti,56.4234,58.5328,10.81,95,100,8.97,RU,1674629076
345,Cockburn Town,21.4612,-71.1419,76.91,73,2,19.73,TC,1674629077
346,Bodden Town,19.2833,-81.25,77.0,76,5,1.99,KY,1674629078
347,Marsh Harbour,26.5412,-77.0636,73.96,75,90,14.65,BS,1674629078
348,Kushmurun,52.4503,64.6311,9.79,92,19,13.29,KZ,1674628878
349,Kodinsk,58.6881,99.1844,-10.39,93,88,1.52,RU,1674629079
350,Raipur,21.2333,81.6333,84.34,42,12,5.75,IN,1674628937
351,Ledyard Center,41.4398,-72.0142,38.32,79,75,3.44,US,1674629080
352,Maragogi,-9.0122,-35.2225,75.25,80,10,5.3,BR,1674629081
353,São José da Coroa Grande,-8.8978,-35.1478,75.87,76,11,5.79,BR,1674629082
354,Vardø,70.3705,31.1107,28.38,80,100,21.85,NO,1674629082
355,Oranjemund,-28.55,16.4333,65.07,63,1,15.77,NA,1674629083
356,Zhigansk,66.7697,123.3711,-51.25,98,39,4.9,RU,1674629084
357,Samfya,-11.3649,29.5565,71.82,78,84,7.63,ZM,1674629085
358,Tromsø,69.6496,18.957,32.02,93,75,9.22,NO,1674629085
359,San Juan,-31.5375,-68.5364,72.99,53,12,15.12,AR,1674629086
360,Grand Gaube,-20.0064,57.6608,75.6,88,100,3.0,MU,1674629087
361,Port-Gentil,-0.7193,8.7815,78.76,100,20,3.44,GA,1674629087
362,Dunedin,-45.8742,170.5036,62.8,82,72,1.99,NZ,1674629088
363,Madera,37.1666,-119.8343,47.25,94,0,3.98,US,1674628915
364,Kulhudhuffushi,6.6221,73.07,79.25,80,98,12.06,MV,1674629089
365,Tubualá,9.5167,-79.0333,79.07,86,100,13.09,PA,1674629089
366,Idlib,35.9306,36.6339,49.84,58,0,3.69,SY,1674629090
367,Yamada,39.4667,141.95,21.54,49,43,17.85,JP,1674629090
368,Nur-Sultan,51.1801,71.446,3.15,85,40,6.71,KZ,1674629010
369,Cayenne,4.9333,-52.3333,69.84,94,20,0.0,GF,1674629091
370,Sisimiut,66.9395,-53.6735,17.74,71,100,15.19,GL,1674629092
371,Victor Harbor,-35.5667,138.6167,76.68,69,25,3.0,AU,1674629093
372,Dongxing,45.3667,130.8,2.68,69,28,8.25,CN,1674629093
373,Upernavik,72.7868,-56.1549,5.18,93,99,4.14,GL,1674629094
374,Amahai,-3.3333,128.9167,83.44,74,100,3.62,ID,1674629095
375,Béjar,40.3864,-5.7634,26.58,85,36,6.64,ES,1674629095
376,Lata,40.1629,-8.3327,36.91,83,3,4.79,PT,1674629096
377,Les Cayes,18.2,-73.75,70.84,84,8,2.89,HT,1674629097
378,Haines Junction,60.7522,-137.5108,23.85,97,100,3.89,CA,1674629098
379,Ulladulla,-35.35,150.4667,77.59,66,0,13.33,AU,1674629098
380,Lima,-12.0432,-77.0282,70.9,84,0,9.22,PE,1674629099
381,Yerbogachën,61.2767,108.0108,-18.47,87,100,3.85,RU,1674629100
382,Nelson Bay,-32.7167,152.15,82.09,76,0,14.0,AU,1674629100
383,Kuldīga,56.974,21.9572,37.09,94,100,10.89,LV,1674629101
384,Benidorm,38.5382,-0.131,47.48,71,100,12.57,ES,1674629101
385,Belmonte,-15.8631,-38.8828,76.24,88,100,8.08,BR,1674629102
386,Silver City,32.7701,-108.2803,30.02,63,0,12.66,US,1674629103
387,Troitsko-Pechorsk,62.7084,56.1964,14.79,92,87,8.23,RU,1674629103
388,Tilichiki,60.4667,166.1,9.21,82,100,10.38,RU,1674629104
389,Palmer,42.1584,-72.3287,33.4,81,100,6.91,US,1674629104
390,Port Hardy,50.6996,-127.4199,41.18,100,100,2.3,CA,1674628937
391,North Platte,41.1239,-100.7654,20.32,86,0,5.99,US,1674629106
392,Vanimo,-2.6741,141.3028,83.05,73,93,7.96,PG,1674629107
393,Damāvand,35.7178,52.065,24.08,55,2,3.15,IR,1674629108
394,Batagay,67.6333,134.6333,-56.27,99,97,1.86,RU,1674629108
395,Tarata,-17.6167,-66.0167,65.62,74,100,1.57,BO,1674629109
396,Zyryanka,65.75,150.85,-22.54,99,98,2.68,RU,1674629109
397,Podporozh'ye,60.9112,34.1706,31.01,96,100,13.49,RU,1674629110
398,Zhuhai,22.2769,113.5678,58.71,54,20,12.66,CN,1674629111
399,Ca Mau,9.1769,105.15,84.85,50,75,10.13,VN,1674629112
400,Çarşamba,41.1989,36.7219,49.69,93,75,1.14,TR,1674629113
401,Kaputa,-8.4689,29.6619,72.57,77,100,0.58,ZM,1674629114
402,Mana,5.6592,-53.7767,73.35,78,82,7.76,GF,1674629114
403,Chaiya,9.3862,99.1986,79.18,79,100,16.11,TH,1674629115
404,Ancud,-41.8697,-73.8203,51.58,86,35,2.3,CL,1674629116
405,Kamenka,51.3223,42.7678,19.38,73,2,4.41,RU,1674629116
406,Sinnamary,5.3833,-52.95,73.65,76,43,9.64,GF,1674629117
407,Havelock,34.8791,-76.9013,45.93,74,20,2.17,US,1674629118
408,Bima,-8.4667,118.7167,85.05,72,98,3.31,ID,1674629118
409,Mount Isa,-20.7333,139.5,96.57,36,40,5.75,AU,1674629119
410,Kununurra,-15.7667,128.7333,91.38,58,40,12.66,AU,1674629119
411,Moussoro,13.6408,16.4901,73.2,10,70,12.12,TD,1674629120
412,Muroto-misakicho,33.2833,134.15,40.42,45,14,13.02,JP,1674629121
413,Maniitsoq,65.4167,-52.9,24.66,65,100,12.3,GL,1674629122
414,Kochki,54.3358,80.4806,11.08,94,100,8.77,RU,1674629122
415,Presidencia Roque Sáenz Peña,-26.7852,-60.4388,81.34,40,47,5.37,AR,1674629123
416,Puri,19.8,85.85,86.52,51,0,5.73,IN,1674629123
417,Huangpi,30.8845,114.3779,41.11,30,0,4.47,CN,1674629124
418,Pedernales,18.0384,-71.744,74.1,62,6,3.02,DO,1674629125
419,Río Gallegos,-51.6226,-69.2181,55.45,38,0,20.71,AR,1674628893
420,Oistins,13.0667,-59.5333,75.29,88,40,20.71,BB,1674629126
421,Gōtsuchō,35.0,132.2167,35.47,64,100,12.62,JP,1674629126
422,Caravelas,-17.7125,-39.2481,76.95,87,100,8.93,BR,1674629127
423,Whitefish,48.4111,-114.3376,11.98,97,100,1.68,US,1674629128
424,Pangai,-19.8,-174.35,86.11,58,20,5.75,TO,1674629128
425,Kortkeros,61.8106,51.5806,23.0,94,100,8.16,RU,1674629129
426,Hauzenberg,48.65,13.6333,31.3,93,46,3.22,DE,1674629129
427,Dauriya,49.9333,116.8667,-19.23,89,26,3.83,RU,1674629130
428,La Ronge,55.1001,-105.2842,17.85,86,100,3.44,CA,1674629131
429,Rumonge,-3.9736,29.4386,75.38,73,100,1.77,BI,1674629131
430,Boralday,43.3578,76.8594,15.66,67,20,6.71,KZ,1674629132
431,Muros,42.7762,-9.0603,48.09,76,49,12.53,ES,1674629133
432,Lompoc,34.6391,-120.4579,53.92,83,0,8.01,US,1674629017
433,Olafsvik,64.8945,-23.7142,32.38,65,99,8.79,IS,1674629134
434,Leninsk,48.7119,45.1994,23.23,63,8,3.65,RU,1674629134
435,Buraidah,26.326,43.975,55.85,75,96,11.25,SA,1674629135
436,Geraldton,-28.7667,114.6,86.41,45,0,20.71,AU,1674628968
437,Bobcaygeon,44.5462,-78.542,25.88,96,100,4.27,CA,1674629136
438,Broken Hill,-31.95,141.4333,96.96,12,0,13.67,AU,1674629136
439,Idah,7.1065,6.7342,77.32,50,6,1.03,NG,1674629137
440,Daoukro,7.0591,-3.9631,71.15,91,62,0.6,CI,1674629138
441,Biasca,46.3597,8.9697,40.66,80,75,4.9,CH,1674629139
442,Benguela,-12.5763,13.4055,80.37,71,68,1.39,AO,1674628992
443,Guaratinga,-16.5667,-39.5667,71.22,98,100,3.24,BR,1674629140
444,Zadar,44.1197,15.2422,45.21,57,0,14.97,HR,1674629141
445,Selfoss,63.9331,-20.9971,29.28,82,100,11.5,IS,1674629142
446,Northam,51.0333,-4.2167,41.61,96,90,3.06,GB,1674629142
447,Leningradskiy,69.3833,178.4167,-24.29,94,22,8.7,RU,1674629143
448,Pāvilosta,56.8879,21.1859,37.31,91,100,18.05,LV,1674629143
449,Kitimat,54.0524,-128.6534,41.38,29,100,3.06,CA,1674629144
450,Ialibu,-6.2821,143.9935,62.74,95,100,2.53,PG,1674629145
451,São Félix do Xingu,-6.6447,-51.995,69.57,99,90,0.63,BR,1674629025
452,Padang,-0.9492,100.3543,84.25,73,100,4.12,ID,1674629146
453,Manchester,53.4809,-2.2374,45.19,91,75,2.3,GB,1674629019
454,Gunupur,19.0833,83.8167,91.72,14,1,3.06,IN,1674629147
455,Turukhansk,65.8167,87.9833,-13.02,87,100,12.91,RU,1674629148
456,Palafrugell,41.9174,3.1631,47.43,11,100,14.56,ES,1674628965
457,Zarechnyy,53.2036,45.1923,16.84,82,53,4.5,RU,1674629148
458,San Cristobal,7.7669,-72.225,64.4,79,96,2.95,VE,1674628949
459,Taksimo,56.3444,114.8794,-15.0,82,100,0.89,RU,1674629149
460,Honningsvåg,70.9821,25.9704,33.55,86,75,4.61,NO,1674629150
461,Hokitika,-42.7167,170.9667,66.49,64,70,2.89,NZ,1674629151
462,Mandera,3.9366,41.867,85.12,35,5,13.15,KE,1674629151
463,Saint Anthony,45.0205,-93.218,30.25,89,100,5.75,US,1674629055
464,Lüshunkou,38.8,121.2667,25.02,53,100,18.12,CN,1674629152
465,Monrovia,6.3005,-10.7969,73.17,91,100,6.11,LR,1674629113
466,Moa,20.6569,-74.9403,74.5,77,15,13.94,CU,1674629153
467,Salinópolis,-0.6136,-47.3561,75.72,88,100,8.16,BR,1674629154
468,Laramie,41.3114,-105.5911,13.95,85,100,0.0,US,1674628881
469,Olinda,-8.0089,-34.8553,80.33,65,40,4.61,BR,1674629155
470,Keti Bandar,24.1447,67.4497,67.55,19,0,5.88,PK,1674629155
471,Yarim,14.298,44.3779,57.58,41,0,4.79,YE,1674629156
472,Kenai,60.5544,-151.2583,31.08,98,0,5.75,US,1674629157
473,Bariloche,-41.1456,-71.3082,44.35,65,20,9.22,AR,1674629046
474,Vitim,59.4511,112.5578,-11.51,91,100,5.97,RU,1674629157
475,Verkhoyansk,67.5447,133.385,-56.27,99,87,2.8,RU,1674629158
476,Warragul,-38.1667,145.9333,90.95,29,34,4.34,AU,1674629159
477,Maputo,-25.9653,32.5892,82.08,74,40,13.0,MZ,1674629159
478,Port Blair,11.6667,92.75,82.26,63,100,13.33,IN,1674629160
479,Casma,-41.0082,-73.1244,51.4,94,3,1.52,CL,1674629160
480,Patharia,23.9,79.2,80.28,38,72,3.8,IN,1674629161
481,Krasnyy Chikoy,50.3643,108.7512,3.47,85,100,5.86,RU,1674629162
482,Kondinskoye,59.6481,67.41,15.1,88,100,16.31,RU,1674629162
483,Yeppoon,-23.1333,150.7333,89.38,67,3,10.4,AU,1674629163
484,St. George's,12.0564,-61.7485,74.88,83,20,5.75,GD,1674629164
485,Lázaro Cárdenas,17.9583,-102.2,69.66,77,0,4.29,MX,1674629165
486,Alexandria,31.2156,29.9553,57.74,62,0,7.74,EG,1674629166
487,Hamilton,39.1834,-84.5333,36.77,88,100,8.05,US,1674629166
488,Moose Factory,51.2585,-80.6094,-20.22,76,0,2.3,CA,1674629167
489,Gambēla,8.25,34.5833,91.54,22,29,5.21,ET,1674629167
490,Rayong,12.8333,101.4333,84.88,35,96,9.73,TH,1674629168
491,Khani,41.9563,42.9566,35.17,32,0,2.28,GE,1674629169
492,Nara,34.6851,135.8049,36.97,40,100,11.23,JP,1674629169
493,Rio Claro,-22.4114,-47.5614,65.93,96,0,1.21,BR,1674629170
494,Dalbandin,28.8947,64.4101,43.86,30,0,5.17,PK,1674629171
495,Egvekinot,66.3167,-179.1667,-16.33,85,10,12.8,RU,1674629171
496,Anadyr,64.75,177.4833,-12.5,70,0,6.71,RU,1674629172
497,Touros,-5.1989,-35.4608,77.4,76,3,8.37,BR,1674629173
498,Half Moon Bay,37.4636,-122.4286,55.02,68,75,8.05,US,1674629173
499,El Jícaro,14.9167,-89.9,68.58,70,25,1.52,GT,1674629174
500,Whitehorse,60.7161,-135.0538,34.57,75,75,16.11,CA,1674629111
501,Naze,28.3667,129.4833,50.92,68,97,12.28,JP,1674629175
502,Havøysund,70.9963,24.6622,34.03,71,100,11.74,NO,1674629175
503,Maseru,-29.3167,27.4833,75.83,36,8,5.57,LS,1674629176
504,Xining,36.6167,101.7667,34.61,12,17,5.21,CN,1674629177
505,La Asuncion,11.0333,-63.8628,73.53,85,22,11.79,VE,1674629177
506,Bakurianis Andeziti,41.7337,43.4724,30.06,31,0,2.33,GE,1674629178
507,Yazman,29.1212,71.7446,63.81,17,0,3.31,PK,1674629179
508,Barra de Tecoanapa,16.5167,-98.75,72.36,75,5,4.03,MX,1674629179
509,Lokosovo,61.1333,74.8167,13.32,91,100,10.33,RU,1674629180
510,Banyo,6.75,11.8167,72.54,24,100,0.87,CM,1674629180
511,Piranshahr,36.701,45.1413,27.32,69,7,5.79,IR,1674629181
512,Alice,27.7523,-98.0697,51.24,53,0,12.66,US,1674629182
513,Province of Mantua,45.1667,10.7833,42.35,92,98,1.01,IT,1674629182
514,Bakchar,57.0186,82.0711,-0.44,87,80,5.28,RU,1674629183
515,Diego de Almagro,-26.3667,-70.05,64.62,66,0,2.77,CL,1674629183
516,Nantucket,41.2835,-70.0995,38.14,73,0,9.22,US,1674629184
517,Burpengary,-27.1575,152.9576,87.03,65,83,7.45,AU,1674629135
518,Mukdahan,16.5833,104.5,76.75,33,100,12.08,TH,1674629185
519,Assiut,27.181,31.1837,50.18,63,0,9.6,EG,1674629186
520,Saldanha,-33.0117,17.9442,64.45,58,0,18.77,ZA,1674629158
521,Sola,-13.8833,167.55,82.69,77,93,13.58,VU,1674629187
522,Sertã,39.8085,-8.0988,34.3,74,0,4.56,PT,1674629188
523,Payson,40.0444,-111.7321,27.28,87,100,3.44,US,1674629189
524,Novoagansk,61.9449,76.6625,11.62,94,100,13.02,RU,1674629189
525,Rincon,32.296,-81.2354,58.86,87,40,5.75,US,1674629190
526,Aksay,47.26,39.87,30.25,60,0,11.99,RU,1674629190
527,Skibbereen,51.55,-9.2667,48.11,98,100,6.62,IE,1674629191
528,Piaçabuçu,-10.4056,-36.4344,75.81,78,5,7.09,BR,1674629192
529,Tarakan,3.3,117.6333,81.9,83,75,4.61,ID,1674629192
530,Arlit,18.7369,7.3853,70.99,14,3,6.46,NE,1674629193
531,Valera,9.3178,-70.6036,67.98,74,29,5.41,VE,1674629194
532,Nelson,-41.2833,173.2833,69.3,69,92,6.62,NZ,1674629112
533,Brekstad,63.687,9.6654,48.29,87,75,33.38,NO,1674629195
534,Mahibadhoo,3.7833,72.9667,79.38,77,82,4.23,MV,1674629195
535,Sobolevo,54.4299,31.8996,23.49,82,33,4.54,RU,1674629196
536,Guangyuan,32.442,105.823,44.37,66,97,4.05,CN,1674629196
537,Barabinsk,55.3571,78.357,16.48,94,100,10.11,RU,1674629197
538,Adilabad,19.6667,78.5333,86.45,24,6,9.08,IN,1674629198
539,Aksu,41.1231,80.2644,18.36,64,65,3.65,CN,1674629198
540,Miyako,39.6367,141.9525,21.15,50,19,20.04,JP,1674629199
541,Nishihara,26.1842,127.7558,60.08,52,75,14.97,JP,1674629199
542,Adrar,20.5022,-10.0711,61.36,20,6,8.41,MR,1674629200
543,Hurricane,37.1753,-113.2899,35.02,61,0,5.68,US,1674629024
544,Sivas Province,39.7916,37.0019,25.43,100,75,1.14,TR,1674629201
545,Sur,22.5667,59.5289,69.31,39,0,10.45,OM,1674629202
546,Pisco,-13.7,-76.2167,69.85,83,40,1.14,PE,1674629202
547,Plettenberg Bay,-34.0527,23.3716,67.51,51,31,4.12,ZA,1674629203
548,Melendugno,40.2747,18.3368,48.29,100,75,9.22,IT,1674629203
549,Zaraza,9.3503,-65.3245,67.98,95,59,3.83,VE,1674629204
550,Orlovskiy,46.8714,42.0592,31.55,33,0,15.57,RU,1674629204
551,Basco,20.4487,121.9702,66.65,69,100,30.82,PH,1674629205
552,Mayo,38.8876,-76.5119,39.15,80,0,4.0,US,1674629048
553,Kuytun,54.3419,101.5036,12.4,90,98,7.47,RU,1674629206
554,Kango,0.1943,10.0951,76.93,92,99,1.88,GA,1674629207
555,Dongsheng,39.8161,109.9776,17.98,17,28,21.32,CN,1674629208
556,Palauig,15.435,119.9045,81.93,59,92,3.47,PH,1674629209
557,Makkah al Mukarramah,21.4267,39.8261,73.62,67,0,3.71,SA,1674629194
558,Russell,32.3502,-85.1999,53.19,76,100,11.5,US,1674629210
559,Meulaboh,4.1363,96.1285,84.52,65,35,12.68,ID,1674629210
560,Talnakh,69.4865,88.3972,-7.8,98,100,14.92,RU,1674629211
561,Rabo de Peixe,37.8,-25.5833,56.71,72,75,10.36,PT,1674629211
562,Shaunavon,49.6501,-108.4181,28.18,94,93,12.93,CA,1674629212
